{"cameraMode":{"drawMode":0,"name":"Shaded","section":"Shading Mode"},"sceneLighting":true,"audioPlay":false,"sceneViewState":{"m_AlwaysRefresh":false,"showFog":true,"showSkybox":true,"showFlares":true,"showImageEffects":true,"showParticleSystems":true,"showVisualEffectGraphs":true,"m_FxEnabled":true},"in2DMode":false,"pivot":{"x":0.15442532300949098,"y":-1.1789181232452393,"z":-7.038867473602295},"rotation":{"x":0.40793079137802126,"y":0.02190770022571087,"z":-0.009787041693925858,"w":0.9127136468887329},"size":4.838756561279297,"orthographic":false}